{"recall_score": 0.6682539682539682, "precision_score": 0.7071134626690182, "f1_score": 0.6758648758648759, "accuracy": 0.84}