{"recall_score": 0.5637245307186408, "precision_score": 0.7866209904391835, "f1_score": 0.6118502730431505, "accuracy": 0.8509216123151712}