{"recall_score": 0.5138451585791878, "precision_score": 0.7585762601444976, "f1_score": 0.5571953566248964, "accuracy": 0.8466680170143812}