{"recall_score": 0.5685714285714286, "precision_score": 0.9134453781512605, "f1_score": 0.6301075268817203, "accuracy": 0.83}