{"recall_score": 0.3541666666666667, "precision_score": 0.5892255892255892, "f1_score": 0.3287394957983193, "accuracy": 0.77}