{"recall_score": 0.3333333333333333, "precision_score": 0.2733333333333333, "f1_score": 0.30036630036630035, "accuracy": 0.82}