{"recall_score": 0.37129686052893646, "precision_score": 0.7832883490778227, "f1_score": 0.3641265003032008, "accuracy": 0.7903585173182094}