{"recall_score": 0.3401630252197095, "precision_score": 0.5565484471650864, "f1_score": 0.30468137760743313, "accuracy": 0.7753696576868544}