{"recall_score": 0.08333333333333333, "precision_score": 0.1623931623931624, "f1_score": 0.11014492753623188, "accuracy": 0.19}