{"recall_score": 0.3190789473684211, "precision_score": 0.3120851370851371, "f1_score": 0.1554226818932701, "accuracy": 0.18}