{"recall_score": 0.12442212590987385, "precision_score": 0.18922576321539664, "f1_score": 0.14061050126354213, "accuracy": 0.22037674701235568}