{"recall_score": 0.3491864725992344, "precision_score": 0.35177926176581953, "f1_score": 0.18723477684288573, "accuracy": 0.21592059955438525}