{"recall_score": 0.3633741422011405, "precision_score": 0.6832032134875151, "f1_score": 0.3485271352599248, "accuracy": 0.7830666396597123}