{"recall_score": 0.34225819587494555, "precision_score": 0.5538517915309447, "f1_score": 0.31004440675637474, "accuracy": 0.7820538788738101}