{"recall_score": 0.34848484848484845, "precision_score": 0.5723905723905723, "f1_score": 0.3074168797953964, "accuracy": 0.72}