{"recall_score": 0.38095238095238093, "precision_score": 0.5918367346938775, "f1_score": 0.3745210727969348, "accuracy": 0.78}