{"recall_score": 0.5519323671497585, "precision_score": 0.658612580834803, "f1_score": 0.5852067452067452, "accuracy": 0.77}