{"recall_score": 0.5570175438596491, "precision_score": 0.5936213991769547, "f1_score": 0.5678492340707257, "accuracy": 0.81}