{"recall_score": 0.5677688349227705, "precision_score": 0.6060647338672402, "f1_score": 0.5841982220340549, "accuracy": 0.8185132671662954}