{"recall_score": 0.551071466696026, "precision_score": 0.6693891705323392, "f1_score": 0.5910374709769249, "accuracy": 0.8288434271824995}