{"recall_score": 0.13236803327456922, "precision_score": 0.09668454677828968, "f1_score": 0.03962314313257517, "accuracy": 0.0342313145635001}