{"recall_score": 0.4084362139917695, "precision_score": 0.3610251117991056, "f1_score": 0.25103198436531765, "accuracy": 0.31}