{"recall_score": 0.3283421105806695, "precision_score": 0.33780120802622476, "f1_score": 0.23075661394542965, "accuracy": 0.26817905610694753}