{"recall_score": 0.571956498785767, "precision_score": 0.793040293040293, "f1_score": 0.6376969284823756, "accuracy": 0.87}