{"recall_score": 0.5699596728203891, "precision_score": 0.7259903195790341, "f1_score": 0.6116322183658063, "accuracy": 0.8478833299574641}