{"recall_score": 0.588542865404374, "precision_score": 0.7156714469495583, "f1_score": 0.6302121194923557, "accuracy": 0.8511241644723516}