{"recall_score": 0.5873015873015873, "precision_score": 0.625557904627672, "f1_score": 0.6040189989039094, "accuracy": 0.86}