{"recall_score": 0.6251028806584361, "precision_score": 0.8759259259259259, "f1_score": 0.7041274684295279, "accuracy": 0.87}