{"recall_score": 0.718312757201646, "precision_score": 0.699665327978581, "f1_score": 0.704004817825956, "accuracy": 0.86}