{"recall_score": 0.562157913515824, "precision_score": 0.6021157708694228, "f1_score": 0.5792630090448081, "accuracy": 0.8124367024508811}