{"recall_score": 0.5393724759686281, "precision_score": 0.7274333341784648, "f1_score": 0.5724916506820533, "accuracy": 0.8507190601579907}