{"recall_score": 0.5886093948941543, "precision_score": 0.7539138763951357, "f1_score": 0.6215845816972055, "accuracy": 0.8549726554587807}