{"recall_score": 0.41269841269841273, "precision_score": 0.4803312629399586, "f1_score": 0.43001443001442996, "accuracy": 0.84}