{"recall_score": 0.56106802051302, "precision_score": 0.738102471013753, "f1_score": 0.6034023758741743, "accuracy": 0.8511241644723516}