{"recall_score": 0.538961038961039, "precision_score": 0.7910135841170324, "f1_score": 0.5691600728716318, "accuracy": 0.8}