{"recall_score": 0.615947969605481, "precision_score": 0.7234653723356815, "f1_score": 0.6563065113990032, "accuracy": 0.8488960907433665}