{"recall_score": 0.5253086419753087, "precision_score": 0.5740310077519379, "f1_score": 0.5427345309381238, "accuracy": 0.82}