{"recall_score": 0.5581257534461023, "precision_score": 0.7481457597275946, "f1_score": 0.6012072800252931, "accuracy": 0.8505165080008102}