{"recall_score": 0.4585964912280702, "precision_score": 0.5329651941097725, "f1_score": 0.4731766124171188, "accuracy": 0.74}