{"recall_score": 0.5333333333333333, "precision_score": 0.7055555555555556, "f1_score": 0.5725490196078432, "accuracy": 0.85}