{"recall_score": 0.5450621643179835, "precision_score": 0.7171837516985163, "f1_score": 0.5815376865990363, "accuracy": 0.8588211464452097}