{"recall_score": 0.588096147246053, "precision_score": 0.6188384608418751, "f1_score": 0.6012133135562572, "accuracy": 0.8195260279521976}