{"recall_score": 0.516753536857781, "precision_score": 0.5942180424939045, "f1_score": 0.5433161216293746, "accuracy": 0.86}