{"recall_score": 0.5425351782943605, "precision_score": 0.7728715505664709, "f1_score": 0.5872129619826543, "accuracy": 0.8545675511444197}