{"recall_score": 0.5008210180623974, "precision_score": 0.4666666666666666, "f1_score": 0.4828625235404897, "accuracy": 0.85}