{"recall_score": 0.6091855439761643, "precision_score": 0.7356750042772973, "f1_score": 0.641173301695896, "accuracy": 0.8657079197893458}