{"recall_score": 0.46004012364633873, "precision_score": 0.5228516540049515, "f1_score": 0.3468909057457345, "accuracy": 0.39720478023090944}