{"recall_score": 0.5197368421052632, "precision_score": 0.5138888888888888, "f1_score": 0.38045634920634924, "accuracy": 0.44}