{"recall_score": 0.3888888888888889, "precision_score": 0.19858156028368792, "f1_score": 0.14158576051779936, "accuracy": 0.12}