{"recall_score": 0.4092705068215274, "precision_score": 0.37706317586795673, "f1_score": 0.14785500673886273, "accuracy": 0.0972250354466275}