{"recall_score": 0.5630325814536341, "precision_score": 0.7862745098039216, "f1_score": 0.609969740404523, "accuracy": 0.82}