{"recall_score": 0.524888786276498, "precision_score": 0.6456304744124012, "f1_score": 0.5616414051708943, "accuracy": 0.8185132671662954}