{"recall_score": 0.5049066160177271, "precision_score": 0.5883895131086142, "f1_score": 0.5284360634205836, "accuracy": 0.82}