{"recall_score": 0.5504146537121509, "precision_score": 0.5871996078607649, "f1_score": 0.5662120878705094, "accuracy": 0.801701438120316}