{"recall_score": 0.42880658436213986, "precision_score": 0.5153256704980843, "f1_score": 0.1775724275724276, "accuracy": 0.14}