{"recall_score": 0.35555555555555557, "precision_score": 0.18027210884353742, "f1_score": 0.065359477124183, "accuracy": 0.05}