{"recall_score": 0.3987066631882876, "precision_score": 0.4138550107258793, "f1_score": 0.1860153773905496, "accuracy": 0.15839578691513065}