{"recall_score": 0.33058396874350865, "precision_score": 0.05728050578276265, "f1_score": 0.043317230273752005, "accuracy": 0.06137330362568361}