{"recall_score": 0.5366581415329006, "precision_score": 0.4822228190922753, "f1_score": 0.46630747426951324, "accuracy": 0.6147457970427385}