{"recall_score": 0.561904761904762, "precision_score": 0.5219373219373219, "f1_score": 0.5074762808349146, "accuracy": 0.65}