{"recall_score": 0.4708333333333334, "precision_score": 0.5218531468531469, "f1_score": 0.482496194824962, "accuracy": 0.64}