{"recall_score": 0.5392207951238458, "precision_score": 0.6037738985794981, "f1_score": 0.5134502959663719, "accuracy": 0.6663965971237593}