{"recall_score": 0.3169312169312169, "precision_score": 0.3332080200501253, "f1_score": 0.2048067711933258, "accuracy": 0.21}