{"recall_score": 0.333227253952161, "precision_score": 0.3406882569795557, "f1_score": 0.2068735429309572, "accuracy": 0.22827628114239418}