{"recall_score": 0.1554459705364788, "precision_score": 0.17258352032273536, "f1_score": 0.045094882229420874, "accuracy": 0.039092566335831476}