{"recall_score": 0.10427350427350428, "precision_score": 0.13813813813813813, "f1_score": 0.050783644164258825, "accuracy": 0.04}