{"recall_score": 0.5638095238095239, "precision_score": 0.746031746031746, "f1_score": 0.6118326118326118, "accuracy": 0.82}