{"recall_score": 0.5355476970258163, "precision_score": 0.7272997818435165, "f1_score": 0.5865028149037128, "accuracy": 0.8436297346566741}