{"recall_score": 0.5989819597879303, "precision_score": 0.7253697407085345, "f1_score": 0.6211899556570643, "accuracy": 0.840186347984606}