{"recall_score": 0.5813492063492064, "precision_score": 0.5601010101010101, "f1_score": 0.5581906016688625, "accuracy": 0.75}