{"recall_score": 0.5297843354009294, "precision_score": 0.7501127359299015, "f1_score": 0.5653957017310892, "accuracy": 0.8484909864290054}