{"recall_score": 0.5416666666666666, "precision_score": 0.5656565656565656, "f1_score": 0.5470383275261325, "accuracy": 0.86}