{"recall_score": 0.5833333333333334, "precision_score": 0.9022988505747126, "f1_score": 0.6230077579770832, "accuracy": 0.87}