{"recall_score": 0.5119074231670191, "precision_score": 0.765377144117871, "f1_score": 0.5383543891542379, "accuracy": 0.8456552562284788}