{"recall_score": 0.5300439948747476, "precision_score": 0.4619176390201916, "f1_score": 0.45961937578211903, "accuracy": 0.6054283978124367}