{"recall_score": 0.4895341036371559, "precision_score": 0.6258569551643217, "f1_score": 0.4613575856778051, "accuracy": 0.5807170346364189}