{"recall_score": 0.6087301587301588, "precision_score": 0.4795093795093795, "f1_score": 0.5044444444444444, "accuracy": 0.7}