{"recall_score": 0.5767543859649122, "precision_score": 0.6496031746031746, "f1_score": 0.4966965695484576, "accuracy": 0.58}