{"recall_score": 0.5021714615779809, "precision_score": 0.485136953877874, "f1_score": 0.4792415457703367, "accuracy": 0.7040712983593276}