{"recall_score": 0.35874476603597216, "precision_score": 0.36921324849241083, "f1_score": 0.14974751819341953, "accuracy": 0.20052663560866923}