{"recall_score": 0.5315700559602999, "precision_score": 0.4987654320987654, "f1_score": 0.5123673191157854, "accuracy": 0.75}