{"recall_score": 0.4325396825396825, "precision_score": 0.4598039215686274, "f1_score": 0.24722835869743087, "accuracy": 0.23}