{"recall_score": 0.5321438909596412, "precision_score": 0.5351149105522369, "f1_score": 0.4489963703078761, "accuracy": 0.5724123961920194}