{"recall_score": 0.345679012345679, "precision_score": 0.38652482269503546, "f1_score": 0.11555264307557885, "accuracy": 0.18}