{"recall_score": 0.33837637061139697, "precision_score": 0.36176672727690523, "f1_score": 0.11499674260835901, "accuracy": 0.18128418067652421}