{"recall_score": 0.6707818930041153, "precision_score": 0.5416811796122142, "f1_score": 0.474749929785901, "accuracy": 0.64}