{"recall_score": 0.5111512959614225, "precision_score": 0.551310861423221, "f1_score": 0.5238095238095237, "accuracy": 0.84}