{"recall_score": 0.5859920070446386, "precision_score": 0.7222222222222223, "f1_score": 0.6316245344420109, "accuracy": 0.82}