{"recall_score": 0.5529049801279938, "precision_score": 0.7533613607969308, "f1_score": 0.5987888002616719, "accuracy": 0.8497062993720883}