{"recall_score": 0.5506692603762684, "precision_score": 0.7941670650085376, "f1_score": 0.5981463361912436, "accuracy": 0.8531496860441564}