{"recall_score": 0.5095238095238096, "precision_score": 0.939068100358423, "f1_score": 0.5604088219472835, "accuracy": 0.83}