{"recall_score": 0.5822457378012934, "precision_score": 0.7588431127756969, "f1_score": 0.6369260747777371, "accuracy": 0.88}