{"recall_score": 0.5144843216527485, "precision_score": 0.7378608760024591, "f1_score": 0.560034406497393, "accuracy": 0.8387684828843427}