{"recall_score": 0.5229790313942009, "precision_score": 0.765650861964008, "f1_score": 0.5694528885460165, "accuracy": 0.8424144217135913}