{"recall_score": 0.454320987654321, "precision_score": 0.5111111111111111, "f1_score": 0.4707602339181287, "accuracy": 0.84}