{"recall_score": 0.5263462476186294, "precision_score": 0.7320332454487879, "f1_score": 0.5468268144364904, "accuracy": 0.8490986429005469}