{"recall_score": 0.5528412973940452, "precision_score": 0.7646770535198142, "f1_score": 0.5869586347649842, "accuracy": 0.8533522382013369}