{"recall_score": 0.44246611563992627, "precision_score": 0.4817947368528725, "f1_score": 0.44252269541186684, "accuracy": 0.6981972858010937}