{"recall_score": 0.4271448663853727, "precision_score": 0.5235834124723014, "f1_score": 0.4412385129490392, "accuracy": 0.72}