{"recall_score": 0.4802368660449489, "precision_score": 0.4268479711281387, "f1_score": 0.2701133609749164, "accuracy": 0.31030990480048615}