{"recall_score": 0.5241228070175439, "precision_score": 0.42700388650244, "f1_score": 0.3127216869152352, "accuracy": 0.34}