{"recall_score": 0.5713122216275812, "precision_score": 0.7265407991614469, "f1_score": 0.6105760643070471, "accuracy": 0.8484909864290054}