{"recall_score": 0.6995614035087719, "precision_score": 0.9008130081300812, "f1_score": 0.7521189848670454, "accuracy": 0.89}