{"recall_score": 0.518521551837587, "precision_score": 0.787635647269645, "f1_score": 0.5529385553358405, "accuracy": 0.844034838971035}