{"recall_score": 0.6535087719298246, "precision_score": 0.8646012621916236, "f1_score": 0.7101200686106345, "accuracy": 0.86}