{"recall_score": 0.537280701754386, "precision_score": 0.5618686868686869, "f1_score": 0.5429732868757259, "accuracy": 0.85}