{"recall_score": 0.5816606861377481, "precision_score": 0.7471139946115785, "f1_score": 0.6267750424861165, "accuracy": 0.8529471338869759}