{"recall_score": 0.518021263777881, "precision_score": 0.775532698276351, "f1_score": 0.551519595439189, "accuracy": 0.844034838971035}