{"recall_score": 0.5942074117616094, "precision_score": 0.7121701436451967, "f1_score": 0.6368963710904295, "accuracy": 0.8426169738707717}