{"recall_score": 0.724780701754386, "precision_score": 0.8734270414993306, "f1_score": 0.7814983758379985, "accuracy": 0.9}