{"recall_score": 0.5192874104748452, "precision_score": 0.7359917590698463, "f1_score": 0.5522084290103128, "accuracy": 0.8462629127000203}