{"recall_score": 0.625, "precision_score": 0.9056847545219638, "f1_score": 0.684185773074662, "accuracy": 0.88}