{"recall_score": 0.46984566857553006, "precision_score": 0.4119667307296247, "f1_score": 0.3936541134051394, "accuracy": 0.5114441968806968}