{"recall_score": 0.41831275720164607, "precision_score": 0.5448717948717948, "f1_score": 0.4277845777233782, "accuracy": 0.56}