{"recall_score": 0.4265432098765432, "precision_score": 0.4478653530377668, "f1_score": 0.40336868436285456, "accuracy": 0.58}