{"recall_score": 0.5348701035283249, "precision_score": 0.6026606215490762, "f1_score": 0.4887828276422241, "accuracy": 0.5357504557423537}