{"recall_score": 0.5462992292260586, "precision_score": 0.5412801484230055, "f1_score": 0.44760431738429035, "accuracy": 0.55}