{"recall_score": 0.4936004702877968, "precision_score": 0.4692388996927508, "f1_score": 0.4425368509407143, "accuracy": 0.5766659914928094}