{"recall_score": 0.5582303874986801, "precision_score": 0.5137674825174825, "f1_score": 0.48903549815958575, "accuracy": 0.6}