{"recall_score": 0.5215569933350527, "precision_score": 0.570976451134679, "f1_score": 0.45572854758817094, "accuracy": 0.4891634595908446}