{"recall_score": 0.48484848484848486, "precision_score": 0.6210526315789474, "f1_score": 0.5171845574387947, "accuracy": 0.87}