{"recall_score": 0.5316475055613524, "precision_score": 0.7471812977229325, "f1_score": 0.5649736030690247, "accuracy": 0.852136925258254}