{"recall_score": 0.6031746031746031, "precision_score": 0.8003663003663003, "f1_score": 0.6688624338624338, "accuracy": 0.89}