{"recall_score": 0.6063629505626281, "precision_score": 0.7307834984950389, "f1_score": 0.6485244235714173, "accuracy": 0.8588211464452097}